Apina,
Aatos,
Aihe,
Alava,
Ahava,
Asema,
Ajuri,
Aaria,
Airut,
Aatra,
Ahdas,
Aalto,
Avain,
Askel,
Apaja,
Aarre,
Ahdas,
Ajaja,
Arina,
Ahdas,
Ankea,
Ankka,
Aisti,
Atomi,
Ahdin,
Ammus,
Aamen,
Aines,
Ainoa,
Ahkio,
Ahmia,
Arkki,
Aromi,
Aioli,
Ainut,
Aitta,
Aatto,
Ahdas,
Ahven,
Ahtaa,
Aisti,
Aivan,
Aivot,
Ajuri,
Aktio,
Alias,
Alkio,
Apila,
Arabi,
Apnea,
Alppi,
Altis,
Askel,
Baana,
Buumi,
Baari,
Bonus,
Bussi,
Bingo,
Boksi,
Booli,
Blini,
Bändi,
Banjo,
Biisi,
Beige,
Beibi,
Beesi,
Chili,
Coupe,
Curry,
Diiva,
Dyyni,
Duuni,
Daami,
Dippi,
Donna,
Duuma,
Duuri,
Disko,
Dekki,
Ennen,
Erite,
Etelä,
Estää,
Erota,
Esine,
Eläin,
Eukko,
Elävä,
Evätä,
Esite,
Erota,
Eroon,
Estää,
Etuus,
Etsiä,
Etevä,
Entäs,
Ensin,
Eheys,
Eksyä,
Ellei,
Elämä,
Elävä,
Empiä,
Elpyä,
Farmi,
Firma,
Fakta,
Faksi,
Foksi,
Fobia,
Fuksi,
Futis,
Fudut,
Finni,
Farao,
Farmi,
Fiini,
Filmi,
Fööni,
Geeli,
Genre,
Gummi,
Gamma,
Glögi,
Gaala,
Gongi,
Gradu,
Grogi,
Häätö,
Harmi,
Huone,
Hinta,
Huuli,
Hattu,
Halpa,
Hyppy,
Hakku,
Hiekka,
Huono,
Haamu,
Harva,
Hehku,
Helle,
Hella,
Haava,
Haave,
Haara,
Hento,
Hylly,
Hidas,
Hurja,
Halko,
Henki,
Hiili,
Hissi,
Hipoa,
Haloo,
Hanhi,
Hapan,
Happo,
Ivata,
Ikoni,
Istua,
Imuri,
Itkeä,
Ikävä,
Inssi,
Iskeä,
Iätön,
Ipana,
Intro,
Ininä,
Iäkäs,
Imuri,
Ikänä,
Iiris,
Ihana,
Idoli,
Imago,
Ilves,
Ilkeä,
Ilkiö,
Ilmiö,
Jyske,
Järki,
Jakso,
Juttu,
Jänis,
Jalka,
Juoma,
Jousi,
Juoni,
Joulu,
Jakaa,
Jousi,
Juhta,
Juova,
Jurri,
Jussi,
Juoru,
Juhla,
Junnu,
Juoda,
Juomu,
Juoni,
Julli,
Jäntti,
Jäyhä,
Jannu,
Jatke,
Jäädä,
Jälki,
Jauho,
Jauhe,
Jotta,
Joulu,
Jousi,
Jänne,
Jokin,
Johto,
Jahti,
Karva,
Kurki,
Kärki,
Korko,
Köysi,
Kippo,
Kukko,
Keppi,
Kukka,
Kulho,
Kurvi,
Kuppi,
Kuppa,
Kappa,
Kahva,
Kausi,
Kaali,
Kaasu,
Kaato,
Kaapu,
Kaari,
Kaima,
Kello,
Kasvi,
Kulta,
Kahvi,
Kakku,
Kirja,
Kaava,
Karja,
Kätkö,
Kaivo,
Katto,
Korsi,
Lappu,
Lisko,
Lauma,
Liksa,
Lahti,
Lehti,
Laulu,
Lintu,
Luola,
Laaja,
Laama,
Laatu,
Laava,
Laiha,
Lahja,
Leuka,
Leveä,
Lakka,
Lyijy,
Luoto,
Laina,
Lanka,
Laita,
Laukku,
Lippu,
Loppu,
Leppä,
Leveä,
Leuto,
Lihas,
Laavu,
Lahna,
Lanka,
Muona,
Mappi,
Maksa,
Malli,
Metsä,
Maksa,
Maksu,
Malto,
Mambo,
Mango,
Muoto,
Muusi,
Maali,
Muovi,
Malja,
Mafia,
Makro,
Mieto,
Magma,
Maila,
Maine,
Maito,
Maski,
Marja,
Mutka,
Mooli,
Myötä,
Miina,
Mokka,
Moppi,
Mitta,
Miina,
Nekku,
Nakki,
Neliö,
Nauru,
Nuoli,
Nuttu,
Nuora,
Notko,
Normi,
Norsu,
Neula,
Niska,
Nälkä,
Nuori,
Nasta,
Nielu,
Nopea,
Nuppu,
Nälkä,
Nänni,
Nätti,
Nummi,
Nuija,
Nuhde,
Nuuka,
Nuoli,
Nössö,
Nappi,
Nassu,
Näätä,
Nuolu,
Nurmi,
Neiti,
Ovela,
Omena,
Ostaa,
Ohuet,
Orava,
Onnea,
Optio,
Ontua,
Onkia,
Ommel,
Orava,
Orkku,
Osuus,
Ostos,
Osake,
Osuma,
Ohjus,
Oikea,
Oikoa,
Ohari,
Pylly,
Parku,
Pakka,
Perus,
Paita,
Puoli,
Puuta,
Potku,
Pyyhe,
Poika,
Pallo,
Pihka,
Pieni,
Polku,
Pesti,
Pyörä,
Purje,
Pullo,
Pakka,
Pahka,
Piiri,
Perse,
Pelko,
Palaa,
Raksu,
Riisi,
Raita,
Ruoka,
Reuna,
Rikka,
Rakas,
Runko,
Rikki,
Rikko,
Rauha,
Rinta,
Roosa,
Ruusu,
Rauta,
Ranta,
Rotta,
Ruuti,
Sieni,
Saari,
Sokki,
Sokea,
Siida,
Sonni,
Sorja,
Sotia,
Spray,
Suoja,
Salmi,
Sisar,
Sissi,
Sitko,
Siveä,
Sorsa,
Syksy,
Suola,
Sataa,
Sokka,
Sauna,
Sulka,
Suomi,
Saate,
Sakea,
Salaa,
Saldo,
Sakko,
Sanka,
Sanko,
Sauva,
Seinä,
Seiti,
Selko,
Selli,
Seppä,
Siima,
Siinä,
Siipi,
Siitä,
Sikiö,
Sileä,
Silmä,
Silmu,
Tuuli,
Talvi,
Taulu,
Tippa,
Tiimi,
Tieto,
Tulos,
Tulli,
Tarha,
Teräs,
Tikki,
Tikku,
Tippi,
Taide,
Tahto,
Taite,
Tissi,
Toive,
Toivo,
Tuore,
Torua,
Torso,
Tuhat,
Tuppi,
Turpa,
Tuhma,
Tuima,
Taksa,
Taika,
Tulos,
Tuohi,
Tuoli,
Tyyni,
Taala,
Tahko,
Tahma,
Talja,
Talvi,
Tappi,
Tanko,
Tulva,
Tammi,
Tatti,
Tauko,
Termi,
Terva,
Uskoa,
Uljas,
Uudet,
Umpio,
Upeus,
Utelu,
Upsis,
Usein,
Uusia,
Uupua,
Upota,
Uinua,
Uinti,
Uhota,
Ulina,
Ultra,
Uloke,
Uhata,
Vuosi,
Varma,
Voima,
Viima,
Valta,
Vuori,
Vahva,
Varjo,
Vaara,
Vuoro,
Vuoto,
Väljä,
Väite,
Vaari,
Vaasi,
Vaate,
Vaisu,
Virus,
Visio,
Vätys,
Väärä,
Vuohi,
Vuoka,
Vuolu,
Vaimo,
Vaihe,
Varis,
Vasen,
Varsa,
Vaunu,
Vakio,
Vanki,
Vanua,
Vapaa,
Valas,
Valmu,
Valve,
Vehje,
Vehnä,
Vedos,
Veivi,
Vekki,
Vauva,
Velli,
Venyä,
Verbi,
Vessa,
Video,
Vichy,
Vihko,
Viili,
Viina,
Viini,
Viiru,
Viiri,
Vippi,
Virhe,
Vamma,
Vanha,
Yöllä,
Ylpeä,
Ykkös,
Yritä,
Ynseä,
Yskiä,
Yöasu,
Yöpuu,
Yrtti,
Yötön,
Ylväs,
Yltää,
Yhtiö,
Yhtye,
Yksin,
Yksiö,
Yletä,
Yltyä,
Yöuni,
Yltää,
Zombi,